{"cameraMode":{"drawMode":0,"name":"Shaded","section":"Shading Mode"},"sceneLighting":false,"audioPlay":false,"sceneViewState":{"showFog":true,"showMaterialUpdate":false,"showSkybox":false,"showFlares":true,"showImageEffects":true,"showParticleSystems":true},"in2DMode":false,"pivot":{"x":0.04750418663024902,"y":-0.006043910980224609,"z":0.0},"rotation":{"x":-0.03485218808054924,"y":0.9612361192703247,"z":-0.14410735666751862,"w":-0.23247286677360536},"size":9.932153701782227,"orthographic":false}