{"cameraMode":{"drawMode":0,"name":"Shaded","section":"Shading Mode"},"sceneLighting":false,"audioPlay":false,"sceneViewState":{"showFog":true,"showMaterialUpdate":false,"showSkybox":false,"showFlares":true,"showImageEffects":true,"showParticleSystems":true},"in2DMode":false,"pivot":{"x":0.047850191593170169,"y":-0.0018807649612426758,"z":0.0},"rotation":{"x":-0.03485218808054924,"y":0.9612361192703247,"z":-0.14410735666751862,"w":-0.23247286677360536},"size":9.737516403198243,"orthographic":false}