{"cameraMode":{"drawMode":0,"name":"Shaded","section":"Shading Mode"},"sceneLighting":false,"audioPlay":false,"sceneViewState":{"showFog":true,"showMaterialUpdate":false,"showSkybox":false,"showFlares":true,"showImageEffects":true,"showParticleSystems":true},"in2DMode":false,"pivot":{"x":-5.775374412536621,"y":-2.143361806869507,"z":-16.25862693786621},"rotation":{"x":-0.10045381635427475,"y":0.678386926651001,"z":-0.0944308266043663,"w":-0.7216530442237854},"size":3.223060369491577,"orthographic":false}