{"cameraMode":{"drawMode":0,"name":"Shaded","section":"Shading Mode"},"sceneLighting":true,"audioPlay":false,"sceneViewState":{"showFog":true,"showMaterialUpdate":false,"showSkybox":true,"showFlares":true,"showImageEffects":true,"showParticleSystems":true},"in2DMode":false,"pivot":{"x":-0.06000065803527832,"y":0.5265265703201294,"z":90.14653778076172},"rotation":{"x":-0.1526992917060852,"y":-0.015716280788183214,"z":0.00242860009893775,"w":-0.9881447553634644},"size":7.186807155609131,"orthographic":false}