{"cameraMode":{"drawMode":0,"name":"Shaded","section":"Shading Mode"},"sceneLighting":true,"audioPlay":false,"sceneViewState":{"showFog":true,"showMaterialUpdate":false,"showSkybox":true,"showFlares":true,"showImageEffects":true,"showParticleSystems":true},"in2DMode":false,"pivot":{"x":1.8056347370147706,"y":-4.837266445159912,"z":15.880952835083008},"rotation":{"x":0.1511060893535614,"y":0.040915265679359439,"z":-0.006259864196181297,"w":0.9876506328582764},"size":25.83725929260254,"orthographic":false}
