{"cameraMode":{"drawMode":0,"name":"Shaded","section":"Shading Mode"},"sceneLighting":false,"audioPlay":false,"sceneViewState":{"showFog":true,"showMaterialUpdate":false,"showSkybox":false,"showFlares":true,"showImageEffects":true,"showParticleSystems":true},"in2DMode":false,"pivot":{"x":-7.061711311340332,"y":-2.285280704498291,"z":-15.35430908203125},"rotation":{"x":-0.02251228503882885,"y":0.6691692471504211,"z":-0.020289069041609765,"w":-0.7424917817115784},"size":5.445234775543213,"orthographic":false}