{"cameraMode":{"drawMode":0,"name":"Shaded","section":"Shading Mode"},"sceneLighting":false,"audioPlay":false,"sceneViewState":{"showFog":true,"showMaterialUpdate":false,"showSkybox":false,"showFlares":true,"showImageEffects":true,"showParticleSystems":true},"in2DMode":false,"pivot":{"x":-5.775374412536621,"y":-1.4095563888549805,"z":-16.221418380737306},"rotation":{"x":-0.038147635757923129,"y":0.9227747917175293,"z":-0.0947403833270073,"w":-0.3715585768222809},"size":4.4246368408203129,"orthographic":false}