{"cameraMode":{"drawMode":0,"name":"Shaded","section":"Shading Mode"},"sceneLighting":false,"audioPlay":false,"sceneViewState":{"showFog":true,"showMaterialUpdate":false,"showSkybox":false,"showFlares":true,"showImageEffects":true,"showParticleSystems":true},"in2DMode":false,"pivot":{"x":-5.775374412536621,"y":-2.393361806869507,"z":-16.25862693786621},"rotation":{"x":-0.10681242495775223,"y":0.7244172096252441,"z":-0.1152794286608696,"w":-0.6712089776992798},"size":3.223060369491577,"orthographic":false}
