{"cameraMode":{"drawMode":0,"name":"Shaded","section":"Shading Mode"},"sceneLighting":false,"audioPlay":false,"sceneViewState":{"showFog":true,"showMaterialUpdate":false,"showSkybox":false,"showFlares":true,"showImageEffects":true,"showParticleSystems":true},"in2DMode":false,"pivot":{"x":-0.32986438274383547,"y":-3.9430525302886965,"z":-8.004193305969239},"rotation":{"x":-0.06792007386684418,"y":0.931432843208313,"z":-0.23417679965496064,"w":-0.2701501250267029},"size":5.0241169929504398,"orthographic":false}