{"cameraMode":{"drawMode":0,"name":"Shaded","section":"Shading Mode"},"sceneLighting":false,"audioPlay":false,"sceneViewState":{"showFog":true,"showMaterialUpdate":false,"showSkybox":false,"showFlares":true,"showImageEffects":true,"showParticleSystems":true},"in2DMode":false,"pivot":{"x":0.0,"y":0.00567173957824707,"z":0.23343658447265626},"rotation":{"x":-0.03485218808054924,"y":0.9612361192703247,"z":-0.14410735666751862,"w":-0.23247286677360536},"size":8.997030258178711,"orthographic":false}