{"cameraMode":{"drawMode":0,"name":"Shaded","section":"Shading Mode"},"sceneLighting":false,"audioPlay":false,"sceneViewState":{"showFog":true,"showMaterialUpdate":false,"showSkybox":false,"showFlares":true,"showImageEffects":true,"showParticleSystems":true},"in2DMode":false,"pivot":{"x":0.005228579044342041,"y":-0.040001630783081058,"z":0.0024929046630859377},"rotation":{"x":-0.03485218808054924,"y":0.9612361192703247,"z":-0.14410735666751862,"w":-0.23247286677360536},"size":7.896613597869873,"orthographic":false}