{"cameraMode":{"drawMode":0,"name":"Shaded","section":"Shading Mode"},"sceneLighting":false,"audioPlay":false,"sceneViewState":{"showFog":true,"showMaterialUpdate":false,"showSkybox":false,"showFlares":true,"showImageEffects":true,"showParticleSystems":true},"in2DMode":false,"pivot":{"x":2.1654505729675295,"y":2.7836127281188967,"z":-0.4681696891784668},"rotation":{"x":0.02113479934632778,"y":-0.9702448844909668,"z":0.0919620543718338,"w":0.22298243641853333},"size":9.16651439666748,"orthographic":false}