{"cameraMode":{"drawMode":0,"name":"Shaded","section":"Shading Mode"},"sceneLighting":false,"audioPlay":false,"sceneViewState":{"showFog":true,"showMaterialUpdate":false,"showSkybox":false,"showFlares":true,"showImageEffects":true,"showParticleSystems":true},"in2DMode":false,"pivot":{"x":1.7416939735412598,"y":2.229794502258301,"z":2.4321680068969728},"rotation":{"x":-0.03485218808054924,"y":0.9612361192703247,"z":-0.14410735666751862,"w":-0.23247286677360536},"size":9.16651439666748,"orthographic":false}