{"cameraMode":{"drawMode":0,"name":"Shaded","section":"Shading Mode"},"sceneLighting":false,"audioPlay":false,"sceneViewState":{"showFog":true,"showMaterialUpdate":false,"showSkybox":false,"showFlares":true,"showImageEffects":true,"showParticleSystems":true},"in2DMode":false,"pivot":{"x":-5.775374412536621,"y":-1.4095563888549805,"z":-16.221418380737306},"rotation":{"x":-0.06792007386684418,"y":0.931432843208313,"z":-0.23417679965496064,"w":-0.2701501250267029},"size":4.424117565155029,"orthographic":false}