{"cameraMode":{"drawMode":0,"name":"Shaded","section":"Shading Mode"},"sceneLighting":false,"audioPlay":false,"sceneViewState":{"showFog":true,"showMaterialUpdate":false,"showSkybox":false,"showFlares":true,"showImageEffects":true,"showParticleSystems":true},"in2DMode":false,"pivot":{"x":-5.775374412536621,"y":-2.2933619022369386,"z":-16.25862693786621},"rotation":{"x":-0.04924961179494858,"y":0.6024435758590698,"z":-0.03728484362363815,"w":-0.795767605304718},"size":3.223060369491577,"orthographic":false}